{"cameraMode":{"drawMode":0,"name":"Shaded","section":"Shading Mode"},"sceneLighting":true,"audioPlay":false,"sceneViewState":{"m_AlwaysRefresh":false,"showFog":true,"showSkybox":true,"showFlares":true,"showImageEffects":true,"showParticleSystems":true,"showVisualEffectGraphs":true,"m_FxEnabled":true},"in2DMode":false,"pivot":{"x":49.9295768737793,"y":2.5675363540649416,"z":0.8319168090820313},"rotation":{"x":0.0003110705583821982,"y":-1.0000046491622925,"z":0.013808931224048138,"w":-0.005646859761327505},"size":12.12435531616211,"orthographic":true}